"“Asuzu, Chiamaka”"
"Asuzu, Chimdiamara"
"Babalola, Foyin"
"Babalola, Oba"
"Banks, Helen-Paige"
"Beird, Peter"
"Beird, Stephen"
"Bradshaw, Brooklyn"
"Brod, Baylin"
"Carson, Harper"
"Collins, Lilly"
"Collins, Violet"
"Cooper, Abigail"
"Cooper, Hezekiah"
"Coselli, Chloe"
"Coselli, Felix"
"Dang, Kayla"
"Daniel, Yotam"
"Dela Rosa, Arabella"
"Dela Rosa, Scarlett"
"Dempsey, Bourne"
"Dempsey, Ernest"
"Dezfulian, Emily"
"Dezfulian, Michael"
"Dezfulian, Nicholas"
"Dickerson, Rosalie"
"During, Fiyin"
"Eskandar, Adam"
"Ferguson, Alinah "
"Ferguson, Gabriella"
"Ferguson, Hannah"
"Ferguson, Judah"
"Finch, Peter"
"Fremion, James"
"Fremion, Peter"
"Fuentes, Alessandra"
"Fuentes, Bella"
"Gerwig, Andrew/Andy"
"Ghattas, Demiana"
"Gilliam, Thomas"
"Gilliam, William"
"Hall, Cash"
"Hare, Paisley"
"Hubbard, Finn"
"Hudson, Brooke"
"Igwe, Bethel"
"Johnson, Jameson"
"Khoury, James"
"Kim, James"
"Kim, Minkyu"
"Kleckner, Wynden"
"La Raia, John"
"La Raia, Lydia"
"Lanier, Max"
"Laschober, Hailey"
"Laschober, Jj"
"Ledet-Shelby, Azariáh"
"Luchetta, Olivia"
"Martinez, Enzo "
"Martinez, Kate"
"Miller, Sam"
"Misoi, Ben"
"Misoi, Elise"
"Mitchell, Cage"
"Mohammed, Zara"
"Morales, Elodie"
"Murray, Jj"
"Naegele, Bruno"
"Newsom, Marian"
"Ng, Briana"
"Nogueira Gross Rodrigues, Julia Gross"
"Nunn, Naomi"
"Nwabudike, Anias"
"Obie, Chimamanda"
"Obie, Sky"
"Ramidzan, Elliott"
"Ramirez, Isabella"
"Ramirez, Maddie"
"Richmond, Paisley"
"Semikov, Daniel"
"Shaw, Priscilla "
"Smith, Joshua"
"Smith, Noah"
"Spreen, Palmer"
"Spreen, Pierce"
"Spreen, Preston "
"Tadros, Gabby "
"Tadros, Naomi"
"Tadros, Noelle"
"Tung, Chloe Tung"
"Valme, Isabella "
"Whitney, Vivian"
"Wiley, Hannah "
"Yaltho, JJ "
"Zamer, Gabriel"
"Zamer, Nicholas "
"Zertuche, Delilah "
"Zertuche, Samuel "
